postcode,population,active,cases,rate,new,band,data_date,file_processed_date
3000,37979,0,121,0,0,0,03/01/2021,04/01/2021
3001,0,0,0,0,0,0,03/01/2021,04/01/2021
3002,4957,0,15,0,0,0,03/01/2021,04/01/2021
3003,5516,0,43,0,0,0,03/01/2021,04/01/2021
3004,9311,0,68,0,0,0,03/01/2021,04/01/2021
3005,523,0,0,0,0,0,03/01/2021,04/01/2021
3006,18811,0,59,0,0,0,03/01/2021,04/01/2021
3008,10438,0,50,0,0,0,03/01/2021,04/01/2021
3010,1595,0,0,0,0,0,03/01/2021,04/01/2021
3011,21464,0,170,0,0,0,03/01/2021,04/01/2021
3012,26295,0,154,0,0,0,03/01/2021,04/01/2021
3013,14967,0,96,0,0,0,03/01/2021,04/01/2021
3015,17472,0,67,0,0,0,03/01/2021,04/01/2021
3016,15558,0,45,0,0,0,03/01/2021,04/01/2021
3018,12685,0,36,0,0,0,03/01/2021,04/01/2021
3019,9199,0,135,0,0,0,03/01/2021,04/01/2021
3020,44784,0,476,0,0,0,03/01/2021,04/01/2021
3021,54190,0,636,0,0,0,03/01/2021,04/01/2021
3022,3102,0,87,0,0,0,03/01/2021,04/01/2021
3023,63974,0,517,0,0,0,03/01/2021,04/01/2021
3024,23852,0,243,0,0,0,03/01/2021,04/01/2021
3025,12155,0,183,0,0,0,03/01/2021,04/01/2021
3026,72,0,101,0,0,0,03/01/2021,04/01/2021
3027,6650,0,69,0,0,0,03/01/2021,04/01/2021
3028,29198,0,156,0,0,0,03/01/2021,04/01/2021
3029,93946,0,1262,0,0,0,03/01/2021,04/01/2021
3030,100311,0,702,0,0,0,03/01/2021,04/01/2021
3031,18533,0,348,0,0,0,03/01/2021,04/01/2021
3032,29449,0,197,0,0,0,03/01/2021,04/01/2021
3033,14512,0,59,0,0,0,03/01/2021,04/01/2021
3034,11633,0,98,0,0,0,03/01/2021,04/01/2021
3036,5921,0,21,0,0,0,03/01/2021,04/01/2021
3037,51156,0,449,0,0,0,03/01/2021,04/01/2021
3038,27258,0,142,0,0,0,03/01/2021,04/01/2021
3039,14252,0,81,0,0,0,03/01/2021,04/01/2021
3040,25939,0,120,0,0,0,03/01/2021,04/01/2021
3041,12412,0,50,0,0,0,03/01/2021,04/01/2021
3042,15762,0,65,0,0,0,03/01/2021,04/01/2021
3043,17715,0,69,0,0,0,03/01/2021,04/01/2021
3044,27116,0,167,0,0,0,03/01/2021,04/01/2021
3045,100,0,0,0,0,0,03/01/2021,04/01/2021
3046,34061,0,301,0,0,0,03/01/2021,04/01/2021
3047,20901,0,219,0,0,0,03/01/2021,04/01/2021
3048,18025,0,107,0,0,0,03/01/2021,04/01/2021
3049,9266,0,47,0,0,0,03/01/2021,04/01/2021
3050,119,0,0,0,0,0,03/01/2021,04/01/2021
3051,14939,0,225,0,0,0,03/01/2021,04/01/2021
3052,5697,0,95,0,0,0,03/01/2021,04/01/2021
3053,18538,0,125,0,0,0,03/01/2021,04/01/2021
3054,8426,0,31,0,0,0,03/01/2021,04/01/2021
3055,14160,0,52,0,0,0,03/01/2021,04/01/2021
3056,24475,0,97,0,0,0,03/01/2021,04/01/2021
3057,11502,0,38,0,0,0,03/01/2021,04/01/2021
3058,33783,0,187,0,0,0,03/01/2021,04/01/2021
3059,15466,0,99,0,0,0,03/01/2021,04/01/2021
3060,14040,0,193,0,0,0,03/01/2021,04/01/2021
3061,5059,0,37,0,0,0,03/01/2021,04/01/2021
3062,0,0,0,0,0,0,03/01/2021,04/01/2021
3063,574,0,3,0,0,0,03/01/2021,04/01/2021
3064,75458,0,922,0,0,0,03/01/2021,04/01/2021
3065,10447,0,93,0,0,0,03/01/2021,04/01/2021
3066,8512,0,104,0,0,0,03/01/2021,04/01/2021
3067,8199,0,28,0,0,0,03/01/2021,04/01/2021
3068,18665,0,72,0,0,0,03/01/2021,04/01/2021
3070,24567,0,133,0,0,0,03/01/2021,04/01/2021
3071,18569,0,53,0,0,0,03/01/2021,04/01/2021
3072,32848,0,132,0,0,0,03/01/2021,04/01/2021
3073,50479,0,294,0,0,0,03/01/2021,04/01/2021
3074,20522,0,159,0,0,0,03/01/2021,04/01/2021
3075,22594,0,125,0,0,0,03/01/2021,04/01/2021
3076,32395,0,301,0,0,0,03/01/2021,04/01/2021
3078,11638,0,23,0,0,0,03/01/2021,04/01/2021
3079,15990,0,47,0,0,0,03/01/2021,04/01/2021
3081,13424,0,193,0,0,0,03/01/2021,04/01/2021
3082,29713,0,131,0,0,0,03/01/2021,04/01/2021
3083,31526,0,125,0,0,0,03/01/2021,04/01/2021
3084,25514,0,61,0,0,0,03/01/2021,04/01/2021
3085,13882,0,28,0,0,0,03/01/2021,04/01/2021
3086,908,0,0,0,0,0,03/01/2021,04/01/2021
3087,9033,0,12,0,0,0,03/01/2021,04/01/2021
3088,26890,0,71,0,0,0,03/01/2021,04/01/2021
3089,11739,0,15,0,0,0,03/01/2021,04/01/2021
3090,2362,0,45,0,0,0,03/01/2021,04/01/2021
3091,1585,0,0,0,0,0,03/01/2021,04/01/2021
3093,3891,0,12,0,0,0,03/01/2021,04/01/2021
3094,8963,0,10,0,0,0,03/01/2021,04/01/2021
3095,27770,0,30,0,0,0,03/01/2021,04/01/2021
3096,1966,0,10,0,0,0,03/01/2021,04/01/2021
3097,1443,0,2,0,0,0,03/01/2021,04/01/2021
3099,4877,0,9,0,0,0,03/01/2021,04/01/2021
3101,24604,0,48,0,0,0,03/01/2021,04/01/2021
3102,6634,0,19,0,0,0,03/01/2021,04/01/2021
3103,15343,0,11,0,0,0,03/01/2021,04/01/2021
3104,20404,0,31,0,0,0,03/01/2021,04/01/2021
3105,10877,0,13,0,0,0,03/01/2021,04/01/2021
3106,16620,0,27,0,0,0,03/01/2021,04/01/2021
3107,13557,0,10,0,0,0,03/01/2021,04/01/2021
3108,20823,0,34,0,0,0,03/01/2021,04/01/2021
3109,28357,0,44,0,0,0,03/01/2021,04/01/2021
3111,12348,0,17,0,0,0,03/01/2021,04/01/2021
3113,8460,0,8,0,0,0,03/01/2021,04/01/2021
3114,3823,0,6,0,0,0,03/01/2021,04/01/2021
3115,3799,0,6,0,0,0,03/01/2021,04/01/2021
3116,9872,0,25,0,0,0,03/01/2021,04/01/2021
3121,30502,0,128,0,0,0,03/01/2021,04/01/2021
3122,23508,0,56,0,0,0,03/01/2021,04/01/2021
3123,14319,0,28,0,0,0,03/01/2021,04/01/2021
3124,22091,2,26,9.1,0,1,03/01/2021,04/01/2021
3125,15021,0,41,0,0,0,03/01/2021,04/01/2021
3126,8060,0,8,0,0,0,03/01/2021,04/01/2021
3127,18445,0,19,0,0,0,03/01/2021,04/01/2021
3128,19832,0,56,0,0,0,03/01/2021,04/01/2021
3129,17374,0,19,0,0,0,03/01/2021,04/01/2021
3130,32171,0,25,0,0,0,03/01/2021,04/01/2021
3131,22499,0,29,0,0,0,03/01/2021,04/01/2021
3132,16148,2,19,12.4,0,1,03/01/2021,04/01/2021
3133,22119,0,24,0,0,0,03/01/2021,04/01/2021
3134,32782,0,30,0,0,0,03/01/2021,04/01/2021
3135,19954,0,16,0,0,0,03/01/2021,04/01/2021
3136,44373,1,54,2.3,1,1,03/01/2021,04/01/2021
3137,13872,0,83,0,0,0,03/01/2021,04/01/2021
3138,21964,0,37,0,0,0,03/01/2021,04/01/2021
3139,13722,0,10,0,0,0,03/01/2021,04/01/2021
3140,16532,0,33,0,0,0,03/01/2021,04/01/2021
3141,25149,0,71,0,0,0,03/01/2021,04/01/2021
3142,12912,0,28,0,0,0,03/01/2021,04/01/2021
3143,9052,0,29,0,0,0,03/01/2021,04/01/2021
3144,10885,0,19,0,0,0,03/01/2021,04/01/2021
3145,23294,0,43,0,0,0,03/01/2021,04/01/2021
3146,25256,0,27,0,0,0,03/01/2021,04/01/2021
3147,14634,0,36,0,0,0,03/01/2021,04/01/2021
3148,8643,0,31,0,0,0,03/01/2021,04/01/2021
3149,33612,0,65,0,0,0,03/01/2021,04/01/2021
3150,60082,0,85,0,0,0,03/01/2021,04/01/2021
3151,10269,0,10,0,0,0,03/01/2021,04/01/2021
3152,33089,0,36,0,0,0,03/01/2021,04/01/2021
3153,20552,0,15,0,0,0,03/01/2021,04/01/2021
3154,4418,0,6,0,0,0,03/01/2021,04/01/2021
3155,22193,0,25,0,0,0,03/01/2021,04/01/2021
3156,37458,0,27,0,0,0,03/01/2021,04/01/2021
3158,6648,0,4,0,0,0,03/01/2021,04/01/2021
3159,2652,0,3,0,0,0,03/01/2021,04/01/2021
3160,9014,0,8,0,0,0,03/01/2021,04/01/2021
3161,15271,0,30,0,0,0,03/01/2021,04/01/2021
3162,17452,0,12,0,0,0,03/01/2021,04/01/2021
3163,32355,0,49,0,0,0,03/01/2021,04/01/2021
3164,0,0,0,0,0,0,03/01/2021,04/01/2021
3165,27636,0,42,0,0,0,03/01/2021,04/01/2021
3166,23759,0,27,0,0,0,03/01/2021,04/01/2021
3167,9259,0,21,0,0,0,03/01/2021,04/01/2021
3168,20200,1,39,5,1,1,03/01/2021,04/01/2021
3169,20122,1,50,5,1,1,03/01/2021,04/01/2021
3170,19370,0,45,0,0,0,03/01/2021,04/01/2021
3171,21713,0,40,0,0,0,03/01/2021,04/01/2021
3172,23091,0,29,0,0,0,03/01/2021,04/01/2021
3173,25785,0,65,0,0,0,03/01/2021,04/01/2021
3174,38465,0,103,0,0,0,03/01/2021,04/01/2021
3175,53297,0,315,0,0,0,03/01/2021,04/01/2021
3177,11305,0,54,0,0,0,03/01/2021,04/01/2021
3178,33669,0,45,0,0,0,03/01/2021,04/01/2021
3179,6019,0,10,0,0,0,03/01/2021,04/01/2021
3180,7462,0,8,0,0,0,03/01/2021,04/01/2021
3181,20267,0,98,0,0,0,03/01/2021,04/01/2021
3182,23394,0,78,0,0,0,03/01/2021,04/01/2021
3183,18491,0,45,0,0,0,03/01/2021,04/01/2021
3184,15547,0,22,0,0,0,03/01/2021,04/01/2021
3185,12932,0,33,0,0,0,03/01/2021,04/01/2021
3186,23258,0,85,0,0,0,03/01/2021,04/01/2021
3187,15997,0,46,0,0,0,03/01/2021,04/01/2021
3188,18082,0,13,0,0,0,03/01/2021,04/01/2021
3189,5894,0,5,0,0,0,03/01/2021,04/01/2021
3190,10457,0,73,0,0,0,03/01/2021,04/01/2021
3191,10242,0,11,0,0,0,03/01/2021,04/01/2021
3192,22292,2,64,9,0,1,03/01/2021,04/01/2021
3193,19505,9,26,46.1,0,2,03/01/2021,04/01/2021
3194,12965,1,15,7.7,0,1,03/01/2021,04/01/2021
3195,35867,0,54,0,0,0,03/01/2021,04/01/2021
3196,25329,0,80,0,0,0,03/01/2021,04/01/2021
3197,11547,0,13,0,0,0,03/01/2021,04/01/2021
3198,16462,0,21,0,0,0,03/01/2021,04/01/2021
3199,54299,0,100,0,0,0,03/01/2021,04/01/2021
3200,5759,0,26,0,0,0,03/01/2021,04/01/2021
3201,20713,0,33,0,0,0,03/01/2021,04/01/2021
3202,2907,0,0,0,0,0,03/01/2021,04/01/2021
3204,30642,2,54,6.5,0,1,03/01/2021,04/01/2021
3205,10919,0,18,0,0,0,03/01/2021,04/01/2021
3206,10366,0,31,0,0,0,03/01/2021,04/01/2021
3207,16180,0,41,0,0,0,03/01/2021,04/01/2021
3211,1319,0,20,0,0,0,03/01/2021,04/01/2021
3212,16650,0,17,0,0,0,03/01/2021,04/01/2021
3213,4032,0,17,0,0,0,03/01/2021,04/01/2021
3214,23960,0,51,0,0,0,03/01/2021,04/01/2021
3215,20615,0,44,0,0,0,03/01/2021,04/01/2021
3216,56285,0,111,0,0,0,03/01/2021,04/01/2021
3217,6607,0,17,0,0,0,03/01/2021,04/01/2021
3218,13438,0,12,0,0,0,03/01/2021,04/01/2021
3219,19719,0,18,0,0,0,03/01/2021,04/01/2021
3220,16352,0,23,0,0,0,03/01/2021,04/01/2021
3221,754,0,1,0,0,0,03/01/2021,04/01/2021
3222,14962,0,10,0,0,0,03/01/2021,04/01/2021
3223,7401,0,4,0,0,0,03/01/2021,04/01/2021
3224,14187,0,13,0,0,0,03/01/2021,04/01/2021
3225,4058,0,3,0,0,0,03/01/2021,04/01/2021
3226,14161,0,14,0,0,0,03/01/2021,04/01/2021
3227,4821,0,1,0,0,0,03/01/2021,04/01/2021
3228,17939,0,7,0,0,0,03/01/2021,04/01/2021
3230,2548,0,2,0,0,0,03/01/2021,04/01/2021
3231,1257,0,2,0,0,0,03/01/2021,04/01/2021
3232,1111,0,1,0,0,0,03/01/2021,04/01/2021
3233,2029,0,0,0,0,0,03/01/2021,04/01/2021
3234,179,0,0,0,0,0,03/01/2021,04/01/2021
3235,380,0,0,0,0,0,03/01/2021,04/01/2021
3236,230,0,0,0,0,0,03/01/2021,04/01/2021
3237,218,0,0,0,0,0,03/01/2021,04/01/2021
3238,219,0,0,0,0,0,03/01/2021,04/01/2021
3239,423,0,0,0,0,0,03/01/2021,04/01/2021
3240,2026,0,1,0,0,0,03/01/2021,04/01/2021
3241,2565,0,0,0,0,0,03/01/2021,04/01/2021
3242,828,0,0,0,0,0,03/01/2021,04/01/2021
3243,357,0,0,0,0,0,03/01/2021,04/01/2021
3249,3204,0,7,0,0,0,03/01/2021,04/01/2021
3250,12250,0,120,0,0,0,03/01/2021,04/01/2021
3251,522,0,7,0,0,0,03/01/2021,04/01/2021
3254,307,0,2,0,0,0,03/01/2021,04/01/2021
3260,4768,0,1,0,0,0,03/01/2021,04/01/2021
3264,2289,0,0,0,0,0,03/01/2021,04/01/2021
3265,2614,0,1,0,0,0,03/01/2021,04/01/2021
3266,3071,0,1,0,0,0,03/01/2021,04/01/2021
3267,245,0,0,0,0,0,03/01/2021,04/01/2021
3268,2601,0,0,0,0,0,03/01/2021,04/01/2021
3269,729,0,0,0,0,0,03/01/2021,04/01/2021
3270,251,0,0,0,0,0,03/01/2021,04/01/2021
3271,193,0,0,0,0,0,03/01/2021,04/01/2021
3272,1533,0,1,0,0,0,03/01/2021,04/01/2021
3273,146,0,0,0,0,0,03/01/2021,04/01/2021
3274,242,0,0,0,0,0,03/01/2021,04/01/2021
3275,426,0,0,0,0,0,03/01/2021,04/01/2021
3276,479,0,0,0,0,0,03/01/2021,04/01/2021
3277,1922,0,0,0,0,0,03/01/2021,04/01/2021
3278,315,0,0,0,0,0,03/01/2021,04/01/2021
3279,291,0,0,0,0,0,03/01/2021,04/01/2021
3280,31568,0,13,0,0,0,03/01/2021,04/01/2021
3281,1702,0,1,0,0,0,03/01/2021,04/01/2021
3282,2363,0,0,0,0,0,03/01/2021,04/01/2021
3283,1361,0,0,0,0,0,03/01/2021,04/01/2021
3284,3437,0,0,0,0,0,03/01/2021,04/01/2021
3285,1210,0,1,0,0,0,03/01/2021,04/01/2021
3286,564,0,0,0,0,0,03/01/2021,04/01/2021
3287,436,0,0,0,0,0,03/01/2021,04/01/2021
3289,757,0,0,0,0,0,03/01/2021,04/01/2021
3292,187,0,0,0,0,0,03/01/2021,04/01/2021
3293,302,0,1,0,0,0,03/01/2021,04/01/2021
3294,954,0,0,0,0,0,03/01/2021,04/01/2021
3300,10087,0,1,0,0,0,03/01/2021,04/01/2021
3301,1212,0,0,0,0,0,03/01/2021,04/01/2021
3302,371,0,0,0,0,0,03/01/2021,04/01/2021
3303,338,0,0,0,0,0,03/01/2021,04/01/2021
3304,2725,0,1,0,0,0,03/01/2021,04/01/2021
3305,12815,0,18,0,0,0,03/01/2021,04/01/2021
3309,126,0,0,0,0,0,03/01/2021,04/01/2021
3310,272,0,0,0,0,0,03/01/2021,04/01/2021
3311,1696,0,0,0,0,0,03/01/2021,04/01/2021
3312,1033,0,0,0,0,0,03/01/2021,04/01/2021
3314,525,0,0,0,0,0,03/01/2021,04/01/2021
3315,1629,0,0,0,0,0,03/01/2021,04/01/2021
3317,197,0,0,0,0,0,03/01/2021,04/01/2021
3318,1265,0,0,0,0,0,03/01/2021,04/01/2021
3319,345,0,0,0,0,0,03/01/2021,04/01/2021
3321,1519,0,4,0,0,0,03/01/2021,04/01/2021
3322,176,0,0,0,0,0,03/01/2021,04/01/2021
3323,88,0,0,0,0,0,03/01/2021,04/01/2021
3324,531,0,0,0,0,0,03/01/2021,04/01/2021
3325,480,0,0,0,0,0,03/01/2021,04/01/2021
3328,1720,0,2,0,0,0,03/01/2021,04/01/2021
3329,284,0,0,0,0,0,03/01/2021,04/01/2021
3330,222,0,0,0,0,0,03/01/2021,04/01/2021
3331,5996,0,2,0,0,0,03/01/2021,04/01/2021
3332,1013,0,4,0,0,0,03/01/2021,04/01/2021
3333,827,0,1,0,0,0,03/01/2021,04/01/2021
3334,566,0,0,0,0,0,03/01/2021,04/01/2021
3335,5859,0,34,0,0,0,03/01/2021,04/01/2021
3336,0,0,124,0,0,0,03/01/2021,04/01/2021
3337,36455,0,260,0,0,0,03/01/2021,04/01/2021
3338,23419,0,280,0,0,0,03/01/2021,04/01/2021
3340,21123,0,33,0,0,0,03/01/2021,04/01/2021
3341,1666,0,1,0,0,0,03/01/2021,04/01/2021
3342,3440,0,2,0,0,0,03/01/2021,04/01/2021
3345,1151,0,0,0,0,0,03/01/2021,04/01/2021
3350,59147,0,41,0,0,0,03/01/2021,04/01/2021
3351,8169,0,2,0,0,0,03/01/2021,04/01/2021
3352,16000,0,6,0,0,0,03/01/2021,04/01/2021
3355,13016,0,7,0,0,0,03/01/2021,04/01/2021
3356,16322,0,7,0,0,0,03/01/2021,04/01/2021
3357,3714,0,0,0,0,0,03/01/2021,04/01/2021
3360,765,0,0,0,0,0,03/01/2021,04/01/2021
3361,680,0,0,0,0,0,03/01/2021,04/01/2021
3363,3476,0,0,0,0,0,03/01/2021,04/01/2021
3364,2149,0,1,0,0,0,03/01/2021,04/01/2021
3370,1782,0,0,0,0,0,03/01/2021,04/01/2021
3371,990,0,0,0,0,0,03/01/2021,04/01/2021
3373,2291,0,0,0,0,0,03/01/2021,04/01/2021
3374,399,0,0,0,0,0,03/01/2021,04/01/2021
3375,206,0,0,0,0,0,03/01/2021,04/01/2021
3377,9414,0,5,0,0,0,03/01/2021,04/01/2021
3378,149,0,0,0,0,0,03/01/2021,04/01/2021
3379,801,0,1,0,0,0,03/01/2021,04/01/2021
3380,6033,0,1,0,0,0,03/01/2021,04/01/2021
3381,1211,0,1,0,0,0,03/01/2021,04/01/2021
3384,547,0,0,0,0,0,03/01/2021,04/01/2021
3385,517,0,0,0,0,0,03/01/2021,04/01/2021
3387,315,0,0,0,0,0,03/01/2021,04/01/2021
3388,562,0,1,0,0,0,03/01/2021,04/01/2021
3390,914,0,0,0,0,0,03/01/2021,04/01/2021
3391,172,0,0,0,0,0,03/01/2021,04/01/2021
3392,581,0,0,0,0,0,03/01/2021,04/01/2021
3393,2684,0,0,0,0,0,03/01/2021,04/01/2021
3395,361,0,0,0,0,0,03/01/2021,04/01/2021
3396,738,0,0,0,0,0,03/01/2021,04/01/2021
3400,14541,0,2,0,0,0,03/01/2021,04/01/2021
3401,4418,0,11,0,0,0,03/01/2021,04/01/2021
3407,422,0,0,0,0,0,03/01/2021,04/01/2021
3409,937,0,1,0,0,0,03/01/2021,04/01/2021
3412,299,0,0,0,0,0,03/01/2021,04/01/2021
3413,220,0,0,0,0,0,03/01/2021,04/01/2021
3414,1824,0,0,0,0,0,03/01/2021,04/01/2021
3415,40,0,0,0,0,0,03/01/2021,04/01/2021
3418,2771,0,0,0,0,0,03/01/2021,04/01/2021
3419,806,0,0,0,0,0,03/01/2021,04/01/2021
3420,277,0,1,0,0,0,03/01/2021,04/01/2021
3423,480,0,0,0,0,0,03/01/2021,04/01/2021
3424,769,0,0,0,0,0,03/01/2021,04/01/2021
3427,2761,0,21,0,0,0,03/01/2021,04/01/2021
3428,680,0,1,0,0,0,03/01/2021,04/01/2021
3429,36296,0,175,0,0,0,03/01/2021,04/01/2021
3430,322,0,0,0,0,0,03/01/2021,04/01/2021
3431,3945,0,8,0,0,0,03/01/2021,04/01/2021
3432,196,0,0,0,0,0,03/01/2021,04/01/2021
3433,216,0,2,0,0,0,03/01/2021,04/01/2021
3434,5070,0,9,0,0,0,03/01/2021,04/01/2021
3435,2878,0,4,0,0,0,03/01/2021,04/01/2021
3437,10445,0,11,0,0,0,03/01/2021,04/01/2021
3438,2386,0,3,0,0,0,03/01/2021,04/01/2021
3440,2040,0,2,0,0,0,03/01/2021,04/01/2021
3441,1337,0,2,0,0,0,03/01/2021,04/01/2021
3442,7463,0,8,0,0,0,03/01/2021,04/01/2021
3444,9197,0,7,0,0,0,03/01/2021,04/01/2021
3446,1028,0,0,0,0,0,03/01/2021,04/01/2021
3447,448,0,0,0,0,0,03/01/2021,04/01/2021
3448,878,0,0,0,0,0,03/01/2021,04/01/2021
3450,6838,0,3,0,0,0,03/01/2021,04/01/2021
3451,5654,0,3,0,0,0,03/01/2021,04/01/2021
3453,1725,0,1,0,0,0,03/01/2021,04/01/2021
3458,1947,0,2,0,0,0,03/01/2021,04/01/2021
3460,2566,0,0,0,0,0,03/01/2021,04/01/2021
3461,4150,0,0,0,0,0,03/01/2021,04/01/2021
3462,1173,0,1,0,0,0,03/01/2021,04/01/2021
3463,2454,0,2,0,0,0,03/01/2021,04/01/2021
3464,1118,0,0,0,0,0,03/01/2021,04/01/2021
3465,9770,0,2,0,0,0,03/01/2021,04/01/2021
3467,1196,0,1,0,0,0,03/01/2021,04/01/2021
3468,284,0,0,0,0,0,03/01/2021,04/01/2021
3469,278,0,0,0,0,0,03/01/2021,04/01/2021
3472,1482,0,0,0,0,0,03/01/2021,04/01/2021
3475,348,0,0,0,0,0,03/01/2021,04/01/2021
3477,824,0,0,0,0,0,03/01/2021,04/01/2021
3478,2457,0,1,0,0,0,03/01/2021,04/01/2021
3480,1862,0,0,0,0,0,03/01/2021,04/01/2021
3482,169,0,0,0,0,0,03/01/2021,04/01/2021
3483,888,0,0,0,0,0,03/01/2021,04/01/2021
3485,302,0,0,0,0,0,03/01/2021,04/01/2021
3487,96,0,0,0,0,0,03/01/2021,04/01/2021
3488,110,0,0,0,0,0,03/01/2021,04/01/2021
3489,53,0,0,0,0,0,03/01/2021,04/01/2021
3490,1290,0,0,0,0,0,03/01/2021,04/01/2021
3491,133,0,0,0,0,0,03/01/2021,04/01/2021
3494,661,0,0,0,0,0,03/01/2021,04/01/2021
3496,6224,0,1,0,0,0,03/01/2021,04/01/2021
3498,5324,0,3,0,0,0,03/01/2021,04/01/2021
3500,32738,0,2,0,0,0,03/01/2021,04/01/2021
3501,1939,0,0,0,0,0,03/01/2021,04/01/2021
3505,4829,0,0,0,0,0,03/01/2021,04/01/2021
3506,37,0,0,0,0,0,03/01/2021,04/01/2021
3507,157,0,0,0,0,0,03/01/2021,04/01/2021
3509,231,0,0,0,0,0,03/01/2021,04/01/2021
3512,371,0,0,0,0,0,03/01/2021,04/01/2021
3515,1940,0,4,0,0,0,03/01/2021,04/01/2021
3516,694,0,0,0,0,0,03/01/2021,04/01/2021
3517,1416,0,0,0,0,0,03/01/2021,04/01/2021
3518,1307,0,1,0,0,0,03/01/2021,04/01/2021
3520,179,0,0,0,0,0,03/01/2021,04/01/2021
3521,660,0,0,0,0,0,03/01/2021,04/01/2021
3522,334,0,1,0,0,0,03/01/2021,04/01/2021
3523,3619,0,8,0,0,0,03/01/2021,04/01/2021
3525,1302,0,0,0,0,0,03/01/2021,04/01/2021
3527,785,0,0,0,0,0,03/01/2021,04/01/2021
3529,120,0,0,0,0,0,03/01/2021,04/01/2021
3530,125,0,0,0,0,0,03/01/2021,04/01/2021
3531,191,0,0,0,0,0,03/01/2021,04/01/2021
3533,779,0,0,0,0,0,03/01/2021,04/01/2021
3537,1042,0,1,0,0,0,03/01/2021,04/01/2021
3540,286,0,0,0,0,0,03/01/2021,04/01/2021
3542,155,0,0,0,0,0,03/01/2021,04/01/2021
3544,249,0,0,0,0,0,03/01/2021,04/01/2021
3546,403,0,0,0,0,0,03/01/2021,04/01/2021
3549,3527,0,0,0,0,0,03/01/2021,04/01/2021
3550,40341,0,33,0,0,0,03/01/2021,04/01/2021
3551,29564,0,20,0,0,0,03/01/2021,04/01/2021
3555,19688,0,29,0,0,0,03/01/2021,04/01/2021
3556,13087,0,3,0,0,0,03/01/2021,04/01/2021
3557,785,0,0,0,0,0,03/01/2021,04/01/2021
3558,916,0,0,0,0,0,03/01/2021,04/01/2021
3559,545,0,0,0,0,0,03/01/2021,04/01/2021
3561,4434,0,3,0,0,0,03/01/2021,04/01/2021
3562,278,0,0,0,0,0,03/01/2021,04/01/2021
3563,808,0,0,0,0,0,03/01/2021,04/01/2021
3564,15944,0,3,0,0,0,03/01/2021,04/01/2021
3565,107,0,0,0,0,0,03/01/2021,04/01/2021
3566,556,0,0,0,0,0,03/01/2021,04/01/2021
3567,654,0,0,0,0,0,03/01/2021,04/01/2021
3568,2948,0,0,0,0,0,03/01/2021,04/01/2021
3570,752,0,0,0,0,0,03/01/2021,04/01/2021
3571,319,0,0,0,0,0,03/01/2021,04/01/2021
3572,151,0,0,0,0,0,03/01/2021,04/01/2021
3573,331,0,3,0,0,0,03/01/2021,04/01/2021
3575,807,0,0,0,0,0,03/01/2021,04/01/2021
3576,72,0,0,0,0,0,03/01/2021,04/01/2021
3579,5362,0,2,0,0,0,03/01/2021,04/01/2021
3580,990,0,0,0,0,0,03/01/2021,04/01/2021
3581,163,0,0,0,0,0,03/01/2021,04/01/2021
3583,208,0,0,0,0,0,03/01/2021,04/01/2021
3584,1139,0,0,0,0,0,03/01/2021,04/01/2021
3585,11205,0,4,0,0,0,03/01/2021,04/01/2021
3586,825,0,0,0,0,0,03/01/2021,04/01/2021
3588,359,0,0,0,0,0,03/01/2021,04/01/2021
3589,347,0,0,0,0,0,03/01/2021,04/01/2021
3590,335,0,0,0,0,0,03/01/2021,04/01/2021
3591,164,0,0,0,0,0,03/01/2021,04/01/2021
3594,529,0,1,0,0,0,03/01/2021,04/01/2021
3595,665,0,0,0,0,0,03/01/2021,04/01/2021
3596,96,0,0,0,0,0,03/01/2021,04/01/2021
3597,413,0,0,0,0,0,03/01/2021,04/01/2021
3599,133,0,0,0,0,0,03/01/2021,04/01/2021
3607,136,0,0,0,0,0,03/01/2021,04/01/2021
3608,2417,0,0,0,0,0,03/01/2021,04/01/2021
3610,1714,0,0,0,0,0,03/01/2021,04/01/2021
3612,1708,0,2,0,0,0,03/01/2021,04/01/2021
3614,882,0,2,0,0,0,03/01/2021,04/01/2021
3616,5353,0,3,0,0,0,03/01/2021,04/01/2021
3617,163,0,0,0,0,0,03/01/2021,04/01/2021
3618,675,0,0,0,0,0,03/01/2021,04/01/2021
3620,8241,0,2,0,0,0,03/01/2021,04/01/2021
3621,2368,0,0,0,0,0,03/01/2021,04/01/2021
3622,456,0,1,0,0,0,03/01/2021,04/01/2021
3623,903,0,0,0,0,0,03/01/2021,04/01/2021
3624,558,0,1,0,0,0,03/01/2021,04/01/2021
3629,9130,0,3,0,0,0,03/01/2021,04/01/2021
3630,31266,0,36,0,0,0,03/01/2021,04/01/2021
3631,11610,0,9,0,0,0,03/01/2021,04/01/2021
3632,0,0,0,0,0,0,03/01/2021,04/01/2021
3633,604,0,0,0,0,0,03/01/2021,04/01/2021
3634,1798,0,0,0,0,0,03/01/2021,04/01/2021
3635,536,0,0,0,0,0,03/01/2021,04/01/2021
3636,5241,0,3,0,0,0,03/01/2021,04/01/2021
3637,593,0,0,0,0,0,03/01/2021,04/01/2021
3638,2075,0,2,0,0,0,03/01/2021,04/01/2021
3639,524,0,0,0,0,0,03/01/2021,04/01/2021
3640,1000,0,0,0,0,0,03/01/2021,04/01/2021
3641,1233,0,0,0,0,0,03/01/2021,04/01/2021
3644,0,0,2,0,0,0,03/01/2021,04/01/2021
3646,586,0,0,0,0,0,03/01/2021,04/01/2021
3647,40,0,0,0,0,0,03/01/2021,04/01/2021
3649,431,0,0,0,0,0,03/01/2021,04/01/2021
3658,6221,0,7,0,0,0,03/01/2021,04/01/2021
3659,734,0,3,0,0,0,03/01/2021,04/01/2021
3660,7577,0,2,0,0,0,03/01/2021,04/01/2021
3662,1075,0,0,0,0,0,03/01/2021,04/01/2021
3663,180,0,0,0,0,0,03/01/2021,04/01/2021
3664,1072,0,0,0,0,0,03/01/2021,04/01/2021
3665,357,0,0,0,0,0,03/01/2021,04/01/2021
3666,4700,0,1,0,0,0,03/01/2021,04/01/2021
3669,1337,0,0,0,0,0,03/01/2021,04/01/2021
3670,571,0,0,0,0,0,03/01/2021,04/01/2021
3672,10330,0,3,0,0,0,03/01/2021,04/01/2021
3673,1729,0,0,0,0,0,03/01/2021,04/01/2021
3675,1803,0,0,0,0,0,03/01/2021,04/01/2021
3677,18101,0,2,0,0,0,03/01/2021,04/01/2021
3678,6357,0,0,0,0,0,03/01/2021,04/01/2021
3682,616,0,0,0,0,0,03/01/2021,04/01/2021
3683,1760,0,0,0,0,0,03/01/2021,04/01/2021
3685,2718,0,1,0,0,0,03/01/2021,04/01/2021
3687,1098,0,0,0,0,0,03/01/2021,04/01/2021
3688,1237,0,0,0,0,0,03/01/2021,04/01/2021
3690,33522,0,1,0,0,0,03/01/2021,04/01/2021
3691,0,0,1,0,0,0,03/01/2021,04/01/2021
3694,92,0,0,0,0,0,03/01/2021,04/01/2021
3695,472,0,0,0,0,0,03/01/2021,04/01/2021
3697,575,0,0,0,0,0,03/01/2021,04/01/2021
3698,862,0,0,0,0,0,03/01/2021,04/01/2021
3699,1124,0,0,0,0,0,03/01/2021,04/01/2021
3700,1317,0,0,0,0,0,03/01/2021,04/01/2021
3701,1075,0,0,0,0,0,03/01/2021,04/01/2021
3704,20,0,0,0,0,0,03/01/2021,04/01/2021
3705,261,0,0,0,0,0,03/01/2021,04/01/2021
3708,58,0,0,0,0,0,03/01/2021,04/01/2021
3709,295,0,0,0,0,0,03/01/2021,04/01/2021
3711,493,0,0,0,0,0,03/01/2021,04/01/2021
3712,353,0,0,0,0,0,03/01/2021,04/01/2021
3713,1026,0,0,0,0,0,03/01/2021,04/01/2021
3714,3512,0,0,0,0,0,03/01/2021,04/01/2021
3715,308,0,1,0,0,0,03/01/2021,04/01/2021
3717,2654,0,3,0,0,0,03/01/2021,04/01/2021
3718,72,0,0,0,0,0,03/01/2021,04/01/2021
3719,371,0,0,0,0,0,03/01/2021,04/01/2021
3720,569,0,0,0,0,0,03/01/2021,04/01/2021
3722,5020,0,4,0,0,0,03/01/2021,04/01/2021
3723,3003,0,5,0,0,0,03/01/2021,04/01/2021
3725,631,0,0,0,0,0,03/01/2021,04/01/2021
3726,404,0,0,0,0,0,03/01/2021,04/01/2021
3727,305,0,0,0,0,0,03/01/2021,04/01/2021
3728,635,0,0,0,0,0,03/01/2021,04/01/2021
3730,8831,0,4,0,0,0,03/01/2021,04/01/2021
3732,595,0,0,0,0,0,03/01/2021,04/01/2021
3733,219,0,0,0,0,0,03/01/2021,04/01/2021
3735,609,0,0,0,0,0,03/01/2021,04/01/2021
3737,4302,0,0,0,0,0,03/01/2021,04/01/2021
3738,222,0,0,0,0,0,03/01/2021,04/01/2021
3739,215,0,0,0,0,0,03/01/2021,04/01/2021
3740,1075,0,0,0,0,0,03/01/2021,04/01/2021
3741,3098,0,1,0,0,0,03/01/2021,04/01/2021
3744,453,0,0,0,0,0,03/01/2021,04/01/2021
3746,385,0,0,0,0,0,03/01/2021,04/01/2021
3747,4628,0,0,0,0,0,03/01/2021,04/01/2021
3749,1889,0,0,0,0,0,03/01/2021,04/01/2021
3750,9060,0,144,0,0,0,03/01/2021,04/01/2021
3751,272,0,0,0,0,0,03/01/2021,04/01/2021
3752,24057,0,117,0,0,0,03/01/2021,04/01/2021
3753,2328,0,17,0,0,0,03/01/2021,04/01/2021
3754,37758,0,174,0,0,0,03/01/2021,04/01/2021
3755,251,0,0,0,0,0,03/01/2021,04/01/2021
3756,11926,0,34,0,0,0,03/01/2021,04/01/2021
3757,8955,0,11,0,0,0,03/01/2021,04/01/2021
3758,2182,0,3,0,0,0,03/01/2021,04/01/2021
3759,1062,0,1,0,0,0,03/01/2021,04/01/2021
3760,372,0,0,0,0,0,03/01/2021,04/01/2021
3761,1230,0,2,0,0,0,03/01/2021,04/01/2021
3762,131,0,0,0,0,0,03/01/2021,04/01/2021
3763,1536,0,4,0,0,0,03/01/2021,04/01/2021
3764,9161,0,22,0,0,0,03/01/2021,04/01/2021
3765,6764,0,12,0,0,0,03/01/2021,04/01/2021
3766,1240,0,1,0,0,0,03/01/2021,04/01/2021
3767,1253,0,2,0,0,0,03/01/2021,04/01/2021
3770,3222,0,2,0,0,0,03/01/2021,04/01/2021
3775,3865,0,6,0,0,0,03/01/2021,04/01/2021
3777,10753,0,9,0,0,0,03/01/2021,04/01/2021
3778,199,0,1,0,0,0,03/01/2021,04/01/2021
3779,394,0,0,0,0,0,03/01/2021,04/01/2021
3781,4471,0,2,0,0,0,03/01/2021,04/01/2021
3782,7824,0,2,0,0,0,03/01/2021,04/01/2021
3783,2350,0,3,0,0,0,03/01/2021,04/01/2021
3785,77,0,0,0,0,0,03/01/2021,04/01/2021
3786,1520,0,2,0,0,0,03/01/2021,04/01/2021
3787,1059,0,0,0,0,0,03/01/2021,04/01/2021
3788,1742,0,0,0,0,0,03/01/2021,04/01/2021
3789,265,0,0,0,0,0,03/01/2021,04/01/2021
3791,1440,0,1,0,0,0,03/01/2021,04/01/2021
3792,1064,0,0,0,0,0,03/01/2021,04/01/2021
3793,3575,0,1,0,0,0,03/01/2021,04/01/2021
3795,1249,0,1,0,0,0,03/01/2021,04/01/2021
3796,9698,0,4,0,0,0,03/01/2021,04/01/2021
3797,3474,0,3,0,0,0,03/01/2021,04/01/2021
3799,5800,0,3,0,0,0,03/01/2021,04/01/2021
3800,2211,0,0,0,0,0,03/01/2021,04/01/2021
3802,24292,0,87,0,0,0,03/01/2021,04/01/2021
3803,10856,2,94,18.4,0,1,03/01/2021,04/01/2021
3804,8096,0,13,0,0,0,03/01/2021,04/01/2021
3805,56937,0,192,0,0,0,03/01/2021,04/01/2021
3806,48521,0,67,0,0,0,03/01/2021,04/01/2021
3807,7096,0,19,0,0,0,03/01/2021,04/01/2021
3808,3031,0,2,0,0,0,03/01/2021,04/01/2021
3809,7212,0,48,0,0,0,03/01/2021,04/01/2021
3810,47892,0,116,0,0,0,03/01/2021,04/01/2021
3812,2310,0,5,0,0,0,03/01/2021,04/01/2021
3813,886,0,0,0,0,0,03/01/2021,04/01/2021
3814,2257,0,0,0,0,0,03/01/2021,04/01/2021
3815,3020,0,1,0,0,0,03/01/2021,04/01/2021
3816,2717,0,0,0,0,0,03/01/2021,04/01/2021
3818,14170,0,5,0,0,0,03/01/2021,04/01/2021
3820,15952,0,5,0,0,0,03/01/2021,04/01/2021
3821,2918,0,2,0,0,0,03/01/2021,04/01/2021
3822,983,0,0,0,0,0,03/01/2021,04/01/2021
3823,1839,0,3,0,0,0,03/01/2021,04/01/2021
3824,5003,0,1,0,0,0,03/01/2021,04/01/2021
3825,20282,0,6,0,0,0,03/01/2021,04/01/2021
3831,1701,0,0,0,0,0,03/01/2021,04/01/2021
3832,249,0,0,0,0,0,03/01/2021,04/01/2021
3833,304,0,0,0,0,0,03/01/2021,04/01/2021
3835,472,0,0,0,0,0,03/01/2021,04/01/2021
3840,16478,0,13,0,0,0,03/01/2021,04/01/2021
3842,4784,0,0,0,0,0,03/01/2021,04/01/2021
3844,28981,0,32,0,0,0,03/01/2021,04/01/2021
3847,2191,0,3,0,0,0,03/01/2021,04/01/2021
3850,14782,0,5,0,0,0,03/01/2021,04/01/2021
3851,5689,0,2,0,0,0,03/01/2021,04/01/2021
3852,92,0,0,0,0,0,03/01/2021,04/01/2021
3854,1400,0,2,0,0,0,03/01/2021,04/01/2021
3856,992,0,3,0,0,0,03/01/2021,04/01/2021
3857,368,0,0,0,0,0,03/01/2021,04/01/2021
3858,3026,0,0,0,0,0,03/01/2021,04/01/2021
3859,834,0,0,0,0,0,03/01/2021,04/01/2021
3860,7171,0,3,0,0,0,03/01/2021,04/01/2021
3862,3157,0,4,0,0,0,03/01/2021,04/01/2021
3864,218,0,0,0,0,0,03/01/2021,04/01/2021
3865,445,0,1,0,0,0,03/01/2021,04/01/2021
3869,1624,0,0,0,0,0,03/01/2021,04/01/2021
3870,1265,0,0,0,0,0,03/01/2021,04/01/2021
3871,2904,0,0,0,0,0,03/01/2021,04/01/2021
3873,323,0,0,0,0,0,03/01/2021,04/01/2021
3874,558,0,0,0,0,0,03/01/2021,04/01/2021
3875,18625,0,5,0,0,0,03/01/2021,04/01/2021
3878,1098,0,0,0,0,0,03/01/2021,04/01/2021
3880,4037,0,1,0,0,0,03/01/2021,04/01/2021
3882,1094,0,0,0,0,0,03/01/2021,04/01/2021
3885,1868,0,0,0,0,0,03/01/2021,04/01/2021
3886,395,0,0,0,0,0,03/01/2021,04/01/2021
3887,342,0,0,0,0,0,03/01/2021,04/01/2021
3888,3421,0,0,0,0,0,03/01/2021,04/01/2021
3889,179,0,0,0,0,0,03/01/2021,04/01/2021
3890,324,0,0,0,0,0,03/01/2021,04/01/2021
3891,104,0,0,0,0,0,03/01/2021,04/01/2021
3892,1060,0,0,0,0,0,03/01/2021,04/01/2021
3893,22,0,0,0,0,0,03/01/2021,04/01/2021
3895,194,0,0,0,0,0,03/01/2021,04/01/2021
3896,405,0,0,0,0,0,03/01/2021,04/01/2021
3898,790,0,0,0,0,0,03/01/2021,04/01/2021
3900,151,0,0,0,0,0,03/01/2021,04/01/2021
3902,412,0,0,0,0,0,03/01/2021,04/01/2021
3903,746,0,0,0,0,0,03/01/2021,04/01/2021
3904,1452,0,0,0,0,0,03/01/2021,04/01/2021
3909,7901,0,0,0,0,0,03/01/2021,04/01/2021
3910,22587,0,49,0,0,0,03/01/2021,04/01/2021
3911,3413,0,2,0,0,0,03/01/2021,04/01/2021
3912,15154,0,15,0,0,0,03/01/2021,04/01/2021
3913,3337,0,2,0,0,0,03/01/2021,04/01/2021
3915,9960,0,7,0,0,0,03/01/2021,04/01/2021
3916,952,0,0,0,0,0,03/01/2021,04/01/2021
3918,3704,0,3,0,0,0,03/01/2021,04/01/2021
3919,3182,0,2,0,0,0,03/01/2021,04/01/2021
3920,1037,0,0,0,0,0,03/01/2021,04/01/2021
3921,114,0,0,0,0,0,03/01/2021,04/01/2021
3922,7740,0,1,0,0,0,03/01/2021,04/01/2021
3923,516,0,0,0,0,0,03/01/2021,04/01/2021
3925,3377,0,1,0,0,0,03/01/2021,04/01/2021
3926,3240,0,3,0,0,0,03/01/2021,04/01/2021
3927,1671,0,4,0,0,0,03/01/2021,04/01/2021
3928,413,0,1,0,0,0,03/01/2021,04/01/2021
3929,906,0,7,0,0,0,03/01/2021,04/01/2021
3930,17889,0,11,0,0,0,03/01/2021,04/01/2021
3931,23991,0,61,0,0,0,03/01/2021,04/01/2021
3933,1101,0,2,0,0,0,03/01/2021,04/01/2021
3934,18547,0,26,0,0,0,03/01/2021,04/01/2021
3936,11024,0,7,0,0,0,03/01/2021,04/01/2021
3937,1519,0,0,0,0,0,03/01/2021,04/01/2021
3938,2820,0,0,0,0,0,03/01/2021,04/01/2021
3939,14522,0,10,0,0,0,03/01/2021,04/01/2021
3940,4930,0,6,0,0,0,03/01/2021,04/01/2021
3941,12174,0,5,0,0,0,03/01/2021,04/01/2021
3942,2317,0,3,0,0,0,03/01/2021,04/01/2021
3943,1593,0,6,0,0,0,03/01/2021,04/01/2021
3944,510,0,6,0,0,0,03/01/2021,04/01/2021
3945,976,0,0,0,0,0,03/01/2021,04/01/2021
3946,216,0,0,0,0,0,03/01/2021,04/01/2021
3950,4798,0,5,0,0,0,03/01/2021,04/01/2021
3951,1005,0,0,0,0,0,03/01/2021,04/01/2021
3953,7859,1,4,12.7,0,1,03/01/2021,04/01/2021
3954,404,0,0,0,0,0,03/01/2021,04/01/2021
3956,2818,0,0,0,0,0,03/01/2021,04/01/2021
3957,279,0,0,0,0,0,03/01/2021,04/01/2021
3958,272,0,0,0,0,0,03/01/2021,04/01/2021
3959,1153,0,0,0,0,0,03/01/2021,04/01/2021
3960,2477,0,1,0,0,0,03/01/2021,04/01/2021
3962,913,0,0,0,0,0,03/01/2021,04/01/2021
3964,133,0,0,0,0,0,03/01/2021,04/01/2021
3965,208,0,0,0,0,0,03/01/2021,04/01/2021
3966,510,0,0,0,0,0,03/01/2021,04/01/2021
3967,127,0,0,0,0,0,03/01/2021,04/01/2021
3971,4017,0,0,0,0,0,03/01/2021,04/01/2021
3975,15246,0,56,0,0,0,03/01/2021,04/01/2021
3976,25532,0,91,0,0,0,03/01/2021,04/01/2021
3977,93322,0,306,0,0,0,03/01/2021,04/01/2021
3978,10648,0,118,0,0,0,03/01/2021,04/01/2021
3979,315,0,0,0,0,0,03/01/2021,04/01/2021
3980,3350,0,7,0,0,0,03/01/2021,04/01/2021
3981,4901,0,1,0,0,0,03/01/2021,04/01/2021
3984,5212,0,4,0,0,0,03/01/2021,04/01/2021
3987,1527,0,0,0,0,0,03/01/2021,04/01/2021
3988,1001,0,2,0,0,0,03/01/2021,04/01/2021
3990,110,0,0,0,0,0,03/01/2021,04/01/2021
3991,357,0,0,0,0,0,03/01/2021,04/01/2021
3992,966,0,0,0,0,0,03/01/2021,04/01/2021
3995,10171,0,2,0,0,0,03/01/2021,04/01/2021
3996,5541,0,4,0,0,0,03/01/2021,04/01/2021
9998,,12,26,0,1,0,03/01/2021,04/01/2021
9999,,0,178,0,0,0,03/01/2021,04/01/2021